Age,SystolicBP,DiastolicBP,BS,BodyTemp,HeartRate,CanonicalRisk
25,130,80,15.0,98.0,86,HIGH
35,140,90,13.0,98.0,70,HIGH
29,90,70,8.0,100.0,80,HIGH
30,140,85,7.0,98.0,70,HIGH
23,140,80,7.01,98.0,70,HIGH
23,130,70,7.01,98.0,78,MEDIUM
35,85,60,11.0,102.0,86,HIGH
32,120,90,6.9,98.0,70,MEDIUM
23,90,60,7.01,98.0,76,LOW
25,110,89,7.01,98.0,77,LOW
20,120,75,7.01,100.0,70,MEDIUM
15,120,80,7.01,98.0,70,LOW
50,140,90,15.0,98.0,90,HIGH
25,140,100,7.01,98.0,80,HIGH
30,120,80,6.9,101.0,76,MEDIUM
10,70,50,6.9,98.0,70,LOW
40,140,100,18.0,98.0,90,HIGH
50,140,80,6.7,98.0,70,MEDIUM
21,90,65,7.5,98.0,76,LOW
18,90,60,7.5,98.0,70,LOW
21,120,80,7.5,98.0,76,LOW
16,100,70,7.2,98.0,80,LOW
19,120,75,7.2,98.0,66,LOW
22,100,65,7.2,98.0,70,LOW
49,120,90,7.2,98.0,77,LOW
28,90,60,7.2,98.0,82,LOW
20,100,90,7.1,98.0,88,LOW
23,100,85,7.1,98.0,66,LOW
22,120,90,7.1,98.0,82,LOW
21,120,80,7.1,98.0,77,LOW
21,75,50,6.1,98.0,70,LOW
12,95,60,6.1,102.0,60,LOW
60,120,80,6.1,98.0,75,LOW
55,100,65,6.1,98.0,66,LOW
45,120,95,6.1,98.0,66,LOW
35,100,70,6.1,98.0,66,LOW
22,120,85,6.1,98.0,88,LOW
23,120,90,6.1,98.0,60,LOW
25,90,70,6.1,98.0,80,LOW
30,120,80,6.1,98.0,70,LOW
23,120,90,6.1,98.0,70,LOW
32,120,90,7.5,98.0,70,LOW
42,120,80,7.5,98.0,70,LOW
23,90,60,7.5,98.0,76,LOW
15,76,49,7.5,98.0,77,LOW
15,120,80,7.0,98.0,70,LOW
25,120,80,7.0,98.0,66,LOW
22,100,65,7.0,98.0,80,LOW
35,100,70,7.0,98.0,60,LOW
19,120,85,7.0,98.0,60,LOW
60,90,65,7.0,98.0,77,LOW
23,120,90,6.7,98.0,70,LOW
32,120,90,6.4,98.0,70,LOW
42,120,80,6.4,98.0,70,LOW
23,90,60,6.4,98.0,76,LOW
15,76,49,6.4,98.0,77,LOW
15,120,80,7.2,98.0,70,LOW
15,80,60,7.0,98.0,80,LOW
12,95,60,7.2,98.0,77,LOW
29,90,70,6.7,98.0,80,MEDIUM
29,130,70,6.7,98.0,78,MEDIUM
20,110,60,7.0,100.0,70,MEDIUM
32,120,65,6.0,101.0,76,MEDIUM
26,85,60,6.0,101.0,86,MEDIUM
29,130,70,7.7,98.0,78,MEDIUM
54,130,70,12.0,98.0,67,MEDIUM
44,120,90,16.0,98.0,80,MEDIUM
23,130,70,6.9,98.0,70,MEDIUM
22,85,60,6.9,98.0,76,MEDIUM
55,120,90,12.0,98.0,70,MEDIUM
35,120,80,6.9,98.0,78,MEDIUM
21,90,60,6.9,98.0,86,MEDIUM
16,90,65,6.9,98.0,76,MEDIUM
33,115,65,7.0,98.0,70,MEDIUM
23,100,85,6.9,98.0,66,MEDIUM
22,120,90,7.8,98.0,82,MEDIUM
13,90,65,7.8,101.0,80,MEDIUM
23,120,90,7.8,98.0,60,MEDIUM
28,115,60,7.8,101.0,86,MEDIUM
50,120,80,7.8,98.0,70,MEDIUM
29,130,70,7.8,98.0,78,MEDIUM
19,120,85,7.8,98.0,60,MEDIUM
60,90,65,6.8,98.0,77,MEDIUM
55,120,90,6.8,98.0,66,MEDIUM
25,120,80,6.8,98.0,66,MEDIUM
48,140,90,15.0,98.0,90,HIGH
25,140,100,6.8,98.0,80,HIGH
23,140,90,6.8,98.0,70,HIGH
34,85,60,11.0,102.0,86,HIGH
42,140,100,18.0,98.0,90,HIGH
32,140,100,7.9,98.0,78,HIGH
50,140,95,17.0,98.0,60,HIGH
38,135,60,7.9,101.0,86,HIGH
39,90,70,9.0,98.0,80,HIGH
30,140,100,15.0,98.0,70,HIGH
63,140,90,15.0,98.0,90,HIGH
25,140,100,7.9,98.0,80,HIGH
30,120,80,7.9,101.0,76,HIGH
55,140,100,18.0,98.0,90,HIGH
49,140,90,15.0,98.0,90,HIGH
25,140,100,7.5,98.0,80,HIGH
40,160,100,19.0,98.0,77,HIGH
32,140,90,18.0,98.0,88,HIGH
35,140,100,7.5,98.0,66,HIGH
54,140,100,15.0,98.0,66,HIGH
55,140,95,19.0,98.0,77,HIGH
29,120,70,9.0,98.0,80,HIGH
22,90,60,7.5,102.0,60,HIGH
40,120,85,15.0,98.0,60,HIGH
18,120,80,6.9,102.0,76,MEDIUM
32,140,100,6.9,98.0,78,HIGH
17,90,60,6.9,101.0,76,MEDIUM
17,90,63,6.9,101.0,70,MEDIUM
25,120,90,6.7,101.0,80,MEDIUM
17,120,80,6.7,102.0,76,MEDIUM
14,90,65,7.0,101.0,70,HIGH
15,80,60,6.7,98.0,80,LOW
15,100,65,6.7,98.0,76,LOW
12,95,60,6.7,98.0,77,LOW
37,120,90,11.0,98.0,88,HIGH
18,100,70,6.7,98.0,76,LOW
21,100,85,6.7,98.0,70,LOW
17,110,75,12.0,101.0,76,HIGH
25,120,90,7.5,98.0,80,LOW
23,85,65,7.5,98.0,70,LOW
12,95,60,7.5,98.0,65,LOW
28,120,90,7.5,98.0,70,LOW
40,120,90,12.0,98.0,80,HIGH
55,129,85,7.5,98.0,88,LOW
25,100,90,7.5,98.0,76,LOW
35,120,80,7.5,98.0,80,LOW
12,90,60,7.9,102.0,66,HIGH
35,140,100,8.0,98.0,66,HIGH
13,90,65,7.9,101.0,80,MEDIUM
17,90,65,6.1,103.0,67,HIGH
28,83,60,8.0,101.0,86,HIGH
50,120,80,15.0,98.0,70,HIGH
29,130,70,6.1,98.0,78,MEDIUM
33,120,75,10.0,98.0,70,HIGH
28,85,60,9.0,101.0,86,MEDIUM
29,120,75,7.2,100.0,70,HIGH
50,140,90,15.0,98.0,77,HIGH
25,140,100,7.2,98.0,80,HIGH
55,140,80,7.2,101.0,76,HIGH
40,140,100,18.0,98.0,77,HIGH
28,120,80,9.0,102.0,76,HIGH
32,140,100,8.0,98.0,70,HIGH
17,90,60,11.0,101.0,78,HIGH
17,90,63,8.0,101.0,70,HIGH
25,120,90,12.0,101.0,80,HIGH
17,120,80,7.0,102.0,76,HIGH
19,90,65,11.0,101.0,70,HIGH
18,100,70,6.8,98.0,76,LOW
21,100,85,6.9,98.0,70,LOW
17,110,75,13.0,101.0,76,HIGH
25,120,90,15.0,98.0,80,HIGH
10,85,65,6.9,98.0,70,LOW
22,100,65,6.9,98.0,70,LOW
49,120,90,6.9,98.0,77,LOW
28,90,60,6.9,98.0,82,LOW
12,90,60,8.0,102.0,66,HIGH
20,100,90,7.0,98.0,88,LOW
23,100,85,7.0,98.0,66,LOW
22,120,90,7.0,98.0,82,LOW
21,120,80,7.0,98.0,77,LOW
35,140,100,9.0,98.0,66,HIGH
21,75,50,7.7,98.0,60,LOW
12,90,60,11.0,102.0,60,HIGH
50,130,100,16.0,98.0,76,HIGH
60,120,80,7.7,98.0,75,LOW
55,100,65,7.7,98.0,66,LOW
45,120,95,7.7,98.0,66,LOW
35,100,70,7.7,98.0,66,LOW
22,120,85,7.7,98.0,88,LOW
13,90,65,9.0,101.0,80,HIGH
23,120,90,7.7,98.0,60,LOW
17,90,65,7.7,103.0,67,HIGH
50,120,80,7.7,98.0,70,LOW
19,90,70,7.7,98.0,80,LOW
30,120,80,7.7,98.0,70,LOW
23,120,80,7.7,98.0,70,LOW
17,85,60,6.3,102.0,86,HIGH
32,120,90,7.7,98.0,70,LOW
42,120,80,7.7,98.0,70,LOW
23,90,60,7.7,98.0,76,LOW
15,75,49,7.7,98.0,77,LOW
40,120,75,7.7,98.0,70,HIGH
15,120,80,7.7,98.0,70,LOW
25,120,80,7.7,98.0,66,LOW
22,100,65,6.9,98.0,80,LOW
12,120,95,6.9,98.0,60,LOW
35,100,70,6.9,98.0,60,LOW
19,120,85,6.9,98.0,60,LOW
60,90,65,6.9,98.0,77,LOW
55,120,90,6.9,98.0,76,LOW
35,90,65,6.9,98.0,75,LOW
51,85,60,6.9,98.0,66,LOW
62,120,80,6.9,98.0,66,LOW
25,90,70,6.9,98.0,66,LOW
21,120,80,6.9,98.0,88,LOW
22,120,60,15.0,98.0,80,HIGH
55,120,90,18.0,98.0,60,HIGH
35,85,60,19.0,98.0,86,HIGH
43,120,90,18.0,98.0,70,HIGH
12,120,80,6.9,98.0,80,LOW
65,90,60,6.9,98.0,70,LOW
60,120,80,6.9,98.0,76,LOW
25,120,90,6.9,98.0,70,LOW
22,90,65,6.9,98.0,78,LOW
66,85,60,6.9,98.0,86,LOW
56,120,80,13.0,98.0,70,HIGH
35,90,70,6.9,98.0,70,LOW
43,120,80,15.0,98.0,76,HIGH
35,120,60,6.9,98.0,70,LOW
45,120,80,6.9,103.0,70,LOW
70,85,60,6.9,102.0,70,LOW
65,120,90,6.9,103.0,76,LOW
55,120,80,6.9,102.0,80,LOW
45,90,60,18.0,101.0,70,HIGH
22,120,80,6.9,103.0,76,LOW
12,95,60,6.9,98.0,77,LOW
18,100,70,6.9,98.0,76,LOW
17,110,75,6.9,101.0,76,HIGH
25,120,90,6.9,98.0,80,LOW
21,120,80,7.8,98.0,77,LOW
35,140,100,7.8,98.0,66,HIGH
21,75,50,7.8,98.0,60,LOW
12,90,60,7.8,102.0,60,HIGH
60,120,80,7.8,98.0,75,HIGH
55,100,65,7.8,98.0,66,LOW
45,120,95,7.8,98.0,66,LOW
35,100,70,7.8,98.0,66,LOW
22,120,85,7.8,98.0,88,LOW
17,90,65,7.8,103.0,67,HIGH
19,90,70,7.8,98.0,80,LOW
30,120,80,7.8,98.0,70,LOW
23,120,70,7.8,98.0,70,LOW
17,85,69,7.8,102.0,86,HIGH
32,120,90,7.8,98.0,70,LOW
42,120,80,7.8,98.0,70,LOW
23,90,60,7.8,98.0,76,LOW
15,76,49,7.8,98.0,77,LOW
20,120,75,7.8,98.0,70,LOW
15,120,80,7.8,98.0,70,LOW
25,120,80,7.8,98.0,66,LOW
22,100,65,7.8,98.0,80,LOW
12,120,95,7.8,98.0,60,LOW
35,100,70,7.8,98.0,60,LOW
22,100,65,6.8,98.0,88,LOW
12,120,95,6.8,98.0,60,MEDIUM
35,100,70,6.8,98.0,60,MEDIUM
19,120,90,6.8,98.0,60,MEDIUM
55,120,90,6.8,98.0,78,LOW
50,130,80,16.0,102.0,76,MEDIUM
27,120,90,6.8,102.0,68,MEDIUM
60,140,90,12.0,98.0,77,HIGH
55,100,70,6.8,101.0,80,MEDIUM
60,140,80,16.0,98.0,66,HIGH
12,120,90,6.8,98.0,80,MEDIUM
17,140,100,6.8,103.0,80,HIGH
60,120,80,6.8,98.0,77,MEDIUM
36,140,100,6.8,102.0,76,HIGH
35,100,60,15.0,98.0,80,HIGH
40,140,100,13.0,101.0,66,HIGH
27,120,70,6.8,98.0,77,LOW
65,130,80,15.0,98.0,86,HIGH
35,140,80,13.0,98.0,70,HIGH
29,90,70,10.0,98.0,80,HIGH
30,120,80,6.8,98.0,70,MEDIUM
23,130,70,6.8,98.0,78,MEDIUM
32,120,90,6.8,98.0,70,LOW
43,130,80,18.0,98.0,70,MEDIUM
23,99,60,6.8,98.0,76,LOW
15,76,49,6.8,98.0,77,LOW
30,120,75,6.8,98.0,70,MEDIUM
15,120,80,6.8,98.0,70,LOW
29,100,70,6.8,98.0,80,LOW
32,120,80,6.8,98.0,70,MEDIUM
23,90,60,6.8,98.0,76,LOW
20,120,75,6.8,98.0,70,LOW
30,120,80,6.8,101.0,76,LOW
31,110,90,6.8,100.0,70,MEDIUM
18,120,80,6.8,102.0,76,LOW
17,90,60,7.9,101.0,76,LOW
15,76,49,7.9,98.0,77,LOW
19,120,75,7.9,98.0,70,LOW
15,120,80,7.9,98.0,70,LOW
25,120,80,7.9,98.0,66,MEDIUM
22,100,65,7.9,98.0,80,LOW
35,100,70,7.9,98.0,60,LOW
19,120,85,7.9,98.0,60,LOW
60,90,65,7.9,98.0,77,LOW
50,120,80,7.9,98.0,70,LOW
23,120,90,7.9,98.0,70,MEDIUM
29,130,70,7.9,98.0,78,MEDIUM
17,85,60,7.9,102.0,86,LOW
32,120,90,7.9,98.0,70,LOW
42,120,80,7.9,98.0,70,LOW
23,90,60,7.9,98.0,76,LOW
16,120,75,7.9,98.0,7,LOW
17,70,50,7.9,98.0,70,LOW
18,120,80,7.9,102.0,76,MEDIUM
17,90,60,7.5,101.0,76,LOW
17,90,63,7.5,101.0,70,LOW
25,120,90,7.5,101.0,80,LOW
17,120,80,7.5,102.0,76,LOW
19,90,65,7.5,101.0,70,LOW
15,80,60,7.5,98.0,80,LOW
60,90,65,7.5,98.0,77,LOW
18,85,60,7.5,101.0,86,MEDIUM
50,120,80,7.5,98.0,70,LOW
19,90,70,7.5,98.0,80,LOW
23,120,90,7.5,98.0,70,LOW
29,130,70,7.5,98.0,78,MEDIUM
17,85,60,7.5,102.0,86,LOW
42,90,60,7.5,98.0,76,LOW
15,78,49,7.5,98.0,77,LOW
23,120,75,8.0,98.0,70,MEDIUM
30,120,80,7.5,101.0,76,MEDIUM
16,70,50,7.5,100.0,70,LOW
16,100,70,7.5,98.0,80,LOW
19,120,75,7.5,98.0,66,LOW
21,75,50,7.5,98.0,60,LOW
12,90,60,7.5,102.0,60,LOW
55,100,65,7.5,98.0,66,LOW
45,120,95,7.5,98.0,66,LOW
35,100,70,7.5,98.0,66,LOW
22,120,85,7.5,98.0,88,LOW
23,120,90,7.5,98.0,60,LOW
28,115,60,7.5,101.0,86,MEDIUM
59,120,80,7.5,98.0,70,LOW
20,120,75,7.5,98.0,70,LOW
24,120,80,7.5,98.0,66,LOW
19,120,76,7.5,98.0,66,LOW
41,120,80,7.5,98.0,75,LOW
27,135,60,7.5,101.0,86,HIGH
34,110,70,7.0,98.0,80,HIGH
32,120,80,7.5,98.0,70,LOW
17,85,60,7.5,101.0,86,HIGH
20,120,76,7.5,98.0,70,LOW
22,100,65,12.0,98.0,80,HIGH
35,100,70,11.0,98.0,60,HIGH
19,120,85,9.0,98.0,60,MEDIUM
30,90,65,8.0,98.0,77,MEDIUM
50,130,80,15.0,98.0,86,HIGH
29,90,70,11.0,100.0,80,HIGH
19,120,60,7.0,98.4,70,LOW
46,140,100,12.0,99.0,90,HIGH
28,95,60,10.0,101.0,86,HIGH
50,120,80,7.0,98.0,70,MEDIUM
39,110,70,7.9,98.0,80,MEDIUM
25,140,100,15.0,98.6,70,HIGH
23,120,85,8.0,98.0,70,LOW
29,130,70,8.0,98.0,78,MEDIUM
17,90,60,9.0,102.0,86,MEDIUM
32,120,90,7.0,100.0,70,MEDIUM
42,120,90,9.0,98.0,70,MEDIUM
23,90,60,6.7,98.0,76,LOW
15,76,68,7.0,98.0,77,LOW
34,120,75,8.0,98.0,70,LOW
15,120,80,6.6,99.0,70,LOW
27,140,90,15.0,98.0,90,HIGH
25,140,100,12.0,99.0,80,HIGH
36,120,90,7.0,98.0,82,MEDIUM
30,120,80,9.0,101.0,76,MEDIUM
15,70,50,6.0,98.0,70,MEDIUM
40,120,95,7.0,98.0,70,HIGH
15,90,60,6.0,98.0,80,LOW
21,90,50,6.9,98.0,60,LOW
15,90,49,6.0,98.0,77,LOW
21,90,50,6.5,98.0,60,LOW
15,90,49,6.7,99.0,77,LOW
15,90,49,6.0,99.0,77,LOW
10,100,50,6.0,99.0,70,MEDIUM
15,100,49,6.8,99.0,77,LOW
15,100,49,6.0,99.0,77,LOW
12,100,50,6.4,98.0,70,MEDIUM
15,100,60,6.0,98.0,80,LOW
15,100,49,7.6,98.0,77,LOW
12,100,50,6.0,98.0,70,MEDIUM
21,100,50,6.8,98.0,60,LOW
